filename,misspelt_word,candidates
IMG_7476_cropped_cleaned_ocr.txt,calciumchloridemesm,
IMG_7476_cropped_cleaned_ocr.txt,firmingagent,
IMG_7522_cropped_cleaned_ocr.txt,comae,"come,comte,coxae,combe,coma,comate,cumae,comake,comas"
IMG_7522_cropped_cleaned_ocr.txt,teriyakisauceingredients,
IMG_7522_cropped_cleaned_ocr.txt,riceatoc,
IMG_7760_cropped_cleaned_ocr.txt,vitaminsb,vitamins
IMG_7760_cropped_cleaned_ocr.txt,duht,"dust,duet,dunt,duct,duh"
IMG_7760_cropped_cleaned_ocr.txt,sunowerchicorfecum,
IMG_7760_cropped_cleaned_ocr.txt,tcacumposphtnaullavoungs,
IMG_7760_cropped_cleaned_ocr.txt,calciumiodineand,
IMG_7760_cropped_cleaned_ocr.txt,peaproteinfat,
IMG_7760_cropped_cleaned_ocr.txt,seasapotassiumioidevitaminsbd,
IMG_7760_cropped_cleaned_ocr.txt,stabiserslocustbeangumgellangum,
IMG_7760_cropped_cleaned_ocr.txt,reducedcocoa,
IMG_7760_cropped_cleaned_ocr.txt,sterlisedingu,
IMG_7760_cropped_cleaned_ocr.txt,withadded,
IMG_7760_cropped_cleaned_ocr.txt,oatdrinkchocolateflavou,
IMG_7761_cropped_cleaned_ocr.txt,caramelised,caramelized
IMG_7762_cropped_cleaned_ocr.txt,oilwheatstarchglucose,
IMG_7762_cropped_cleaned_ocr.txt,oyalecithins,
IMG_7762_cropped_cleaned_ocr.txt,hatlourugrrapeseedoillm,
IMG_7762_cropped_cleaned_ocr.txt,gingerbreadflavoursandwich,
IMG_7762_cropped_cleaned_ocr.txt,sodiumcarbonatesammoniumcarbonatelt,
IMG_7762_cropped_cleaned_ocr.txt,havour,cavour
IMG_7762_cropped_cleaned_ocr.txt,raisingagents,
IMG_7762_cropped_cleaned_ocr.txt,ingreient,ingredient
IMG_7762_cropped_cleaned_ocr.txt,fructosesrupcolour,
IMG_7762_cropped_cleaned_ocr.txt,plaicrmel,
IMG_7762_cropped_cleaned_ocr.txt,biscuitswithavanilla,
IMG_7763_cropped_cleaned_ocr.txt,weatoureloucciumcro,
IMG_7763_cropped_cleaned_ocr.txt,silicondioxideturmericacid,
IMG_7763_cropped_cleaned_ocr.txt,turmecgl,
IMG_7763_cropped_cleaned_ocr.txt,palmfatsu,
IMG_7763_cropped_cleaned_ocr.txt,saltdckpgroe,
IMG_7763_cropped_cleaned_ocr.txt,connck,"cock,conics,conned,conic,canuck,conns,conk,conn,monck,copeck,connie,connect,conner,conch"
IMG_7763_cropped_cleaned_ocr.txt,coconutowdratsucurryower,
IMG_7763_cropped_cleaned_ocr.txt,andiooeaoextn,
IMG_7763_cropped_cleaned_ocr.txt,citricad,citric
IMG_7766_cropped_cleaned_ocr.txt,caffeineweeteer,
IMG_7766_cropped_cleaned_ocr.txt,yelow,"yellow,yalow,below"
IMG_7766_cropped_cleaned_ocr.txt,potasum,"potassium,omasum,pomatum,potash,petasus,possum"
IMG_7766_cropped_cleaned_ocr.txt,haveanadverse,
IMG_7766_cropped_cleaned_ocr.txt,sparklingglucosedrinktsugas,
IMG_7766_cropped_cleaned_ocr.txt,glucosesurup,
IMG_7766_cropped_cleaned_ocr.txt,inchildren,children
IMG_7766_cropped_cleaned_ocr.txt,sunsetyellowandponceau,
IMG_7766_cropped_cleaned_ocr.txt,acessfame,
IMG_7766_cropped_cleaned_ocr.txt,ingreientscn,
IMG_7766_cropped_cleaned_ocr.txt,ascorbicacid,
IMG_8579_cropped_cleaned_ocr.txt,sugarcoconut,
IMG_8579_cropped_cleaned_ocr.txt,stabilisers,"stabiliser,stabilizers"
IMG_8579_cropped_cleaned_ocr.txt,flavouring,"flavourings,flavoring"
IMG_8580_cropped_cleaned_ocr.txt,infusedapeeel,
IMG_8580_cropped_cleaned_ocr.txt,ilkcedrceeseinvrnrorons,
IMG_8580_cropped_cleaned_ocr.txt,pureerenrapeel,
IMG_8580_cropped_cleaned_ocr.txt,acidifiedgrlicpureegrlicpureeacditulaor,
IMG_8580_cropped_cleaned_ocr.txt,citricacidtherjoamagelckppr,
IMG_8580_cropped_cleaned_ocr.txt,rapeelornlourgrlicpurerego,
IMG_8580_cropped_cleaned_ocr.txt,raeeelrslersl,
IMG_8580_cropped_cleaned_ocr.txt,wheatflourwatercheeseblendmozrellcheese,
IMG_8580_cropped_cleaned_ocr.txt,sugarckpperorprsl,
IMG_8580_cropped_cleaned_ocr.txt,chickenbreastsalconlourtoao,
IMG_8581_cropped_cleaned_ocr.txt,strawberryl,strawberry
IMG_8582_cropped_cleaned_ocr.txt,crunchybicceiutouriccrirlewcnricrtecr,
IMG_8582_cropped_cleaned_ocr.txt,whitncr,"whither,whitener,whiter,whitney,whiner"
IMG_8582_cropped_cleaned_ocr.txt,nutpistachoodmaca,
IMG_8582_cropped_cleaned_ocr.txt,larofpecominauriccreatcucnodcarc,
IMG_8583_cropped_cleaned_ocr.txt,polyglycerol,
IMG_8583_cropped_cleaned_ocr.txt,offatty,fatty
IMG_8586_cropped_cleaned_ocr.txt,cak,"ca,cam,yak,cat,cap,cal,can,cay,cad,cav,cab,oak,caky,calk,cask,caw,car,cark,cake,dak"
IMG_8586_cropped_cleaned_ocr.txt,naavourngsealanxians,
IMG_8586_cropped_cleaned_ocr.txt,waterhulledsoya,
IMG_8586_cropped_cleaned_ocr.txt,amins,"ayins,amino,amis,amirs,gamins,amine,amiss,amines,amiens,amin's,mains,amin"
IMG_8586_cropped_cleaned_ocr.txt,tricalciumcitrate,
IMG_8586_cropped_cleaned_ocr.txt,richextractfattyacidestersof,
IMG_8586_cropped_cleaned_ocr.txt,ansbdliecules,
IMG_8586_cropped_cleaned_ocr.txt,stabiliserpectins,
IMG_8586_cropped_cleaned_ocr.txt,ingents,"intents,ingests,invents,indents"
IMG_8586_cropped_cleaned_ocr.txt,acegulatorssodiumcitratescitricacid,
IMG_8586_cropped_cleaned_ocr.txt,lbulgaricus,bulgaricus
IMG_8586_cropped_cleaned_ocr.txt,forcergens,
IMG_8586_cropped_cleaned_ocr.txt,fetedsoyaproductwithadded,
IMG_8586_cropped_cleaned_ocr.txt,cemophilus,herophilus
IMG_8586_cropped_cleaned_ocr.txt,herol,"hero,herzl,heron,herl,herod,heros"
IMG_8587_cropped_cleaned_ocr.txt,calcumrictrabl,
IMG_8587_cropped_cleaned_ocr.txt,tolr,"toll,tor,told,tour,torr,tolu,tolar,tola,tole"
IMG_8587_cropped_cleaned_ocr.txt,naturalvora,
IMG_8587_cropped_cleaned_ocr.txt,acidlour,acidulous
IMG_8587_cropped_cleaned_ocr.txt,ingredientwaterhulleo,
IMG_8587_cropped_cleaned_ocr.txt,fermentedsoyaproductwithadded,
IMG_8588_cropped_cleaned_ocr.txt,andsesameseed,
IMG_8588_cropped_cleaned_ocr.txt,pastewith,
IMG_8588_cropped_cleaned_ocr.txt,ekpea,"eked,eke,kea,ikea,expel,ekes,elea,pea"
IMG_8588_cropped_cleaned_ocr.txt,juiceand,juiced
IMG_8588_cropped_cleaned_ocr.txt,cookedchickpeas,
IMG_8588_cropped_cleaned_ocr.txt,waterrapeseedoil,
IMG_8589_cropped_cleaned_ocr.txt,sacaccucodlcolorrarcrdere,
IMG_8589_cropped_cleaned_ocr.txt,norobaerurororor,
IMG_8589_cropped_cleaned_ocr.txt,soragonccgr,
IMG_8591_cropped_cleaned_ocr.txt,strawerrter,
IMG_8591_cropped_cleaned_ocr.txt,ofphenylalanin,
IMG_8591_cropped_cleaned_ocr.txt,waterraef,
IMG_8593_cropped_cleaned_ocr.txt,moifical,
IMG_8593_cropped_cleaned_ocr.txt,lemonjuccocentratetickexh,
IMG_8593_cropped_cleaned_ocr.txt,nicciioiu,
IMG_8593_cropped_cleaned_ocr.txt,ingreieaelr,
IMG_8594_cropped_cleaned_ocr.txt,saltcoeoergrierte,
IMG_8594_cropped_cleaned_ocr.txt,ingreienttomatoesprgomatocuuarrtvear,
IMG_8595_cropped_cleaned_ocr.txt,rosteh,roster
IMG_8595_cropped_cleaned_ocr.txt,gesetri,
IMG_8595_cropped_cleaned_ocr.txt,chrel,"orel,cure,creel,chanel,hel,charnel,morel,chez,chores,chyle,cures,cereal,churl,ochres,caret,chiral,corer,chen,chill,cupel,curet,chore,chew,cred,camel,cured,chapel,crew,jurel,chorea,herl,cheryl,corbel,care,cored,carl,cornel,chare,carey,carpel,cheer,shrew,heel,chr,cher,ochrea,ochre,cartel,ceres,cheri,curl,carew,caryl,chisel,corey,chela,chile,cares,cores,carer,cere,three,cheek,chef,threw,cheep,coral,cared,chief,cered,shred,shrek,chris,carrel,che,core,carvel,wheel,cree,chert,carol,curer,carmel,cyril,choral,cruel,chron"
IMG_8595_cropped_cleaned_ocr.txt,ingreie,"ingress,ingrain,lingerie,ingrid,ingres,ingrate"
IMG_8595_cropped_cleaned_ocr.txt,peppergnole,
IMG_8598_cropped_cleaned_ocr.txt,cocoabuteremulsifier,
IMG_8598_cropped_cleaned_ocr.txt,yrup,"yup,syrup"
IMG_8598_cropped_cleaned_ocr.txt,seedflour,
IMG_8598_cropped_cleaned_ocr.txt,suar,"guar,sugar,saar,scar,soar,sear,suer,sura,spar,star,sur"
IMG_8598_cropped_cleaned_ocr.txt,sugarglucose,
IMG_8598_cropped_cleaned_ocr.txt,vaillaexrcocoaowderegolknl,
IMG_8598_cropped_cleaned_ocr.txt,lowfatcocoapowder,
IMG_8598_cropped_cleaned_ocr.txt,sabiliser,stabiliser
IMG_8598_cropped_cleaned_ocr.txt,wholemilk,
IMG_8598_cropped_cleaned_ocr.txt,soyaaa,"toyama,sonata,soya,soya's"
IMG_8598_cropped_cleaned_ocr.txt,andpeanuts,
IMG_8599_cropped_cleaned_ocr.txt,rehydrated,"rehydrate,dehydrated"
IMG_8599_cropped_cleaned_ocr.txt,uk,"bk,um,yuk,us,ok,usk,gk,ut,uh,ukr,auk,up,ur,k,mk,u"
IMG_8599_cropped_cleaned_ocr.txt,flavouring,"flavourings,flavoring"
IMG_8601_cropped_cleaned_ocr.txt,craberry,cranberry
IMG_8601_cropped_cleaned_ocr.txt,extractniacinironiolavinthiaminitmin,
IMG_8601_cropped_cleaned_ocr.txt,freezedriedfruits,
IMG_8601_cropped_cleaned_ocr.txt,barleylouraltaat,
IMG_8602_cropped_cleaned_ocr.txt,vitaminb,"vitamin,vitamins"
IMG_8602_cropped_cleaned_ocr.txt,potassiumchloride,
IMG_8602_cropped_cleaned_ocr.txt,maltodextrinfat,
IMG_8602_cropped_cleaned_ocr.txt,folicacid,
IMG_8602_cropped_cleaned_ocr.txt,flavouring,"flavourings,flavoring"
IMG_8603_cropped_cleaned_ocr.txt,vitaminb,"vitamin,vitamins"
IMG_8603_cropped_cleaned_ocr.txt,naturalflavouringsniacinantioxidants,
IMG_8603_cropped_cleaned_ocr.txt,oligofructose,
IMG_8603_cropped_cleaned_ocr.txt,ascorbyl,ascorbic
IMG_8606_cropped_cleaned_ocr.txt,skimmedmilkpowdersaltsuasu,
IMG_8606_cropped_cleaned_ocr.txt,wheatflour,
IMG_8606_cropped_cleaned_ocr.txt,ironthiaminrapeseedoi,
IMG_8606_cropped_cleaned_ocr.txt,calium,"cilium,valium,calcium"
IMG_8607_cropped_cleaned_ocr.txt,sodlum,sodium
IMG_8607_cropped_cleaned_ocr.txt,coagulans,"coagulant,coagulants"
IMG_8608_cropped_cleaned_ocr.txt,flourtreatment,
IMG_8608_cropped_cleaned_ocr.txt,maiz,"maia,maid,maize,mainz,maim,main,mail,mai"
IMG_8608_cropped_cleaned_ocr.txt,yeastame,
IMG_8608_cropped_cleaned_ocr.txt,buckwheacarawayseedemulsiier,
IMG_8608_cropped_cleaned_ocr.txt,soyal,"soya,loyal,royal"
IMG_8608_cropped_cleaned_ocr.txt,wheatglutensaltoats,
IMG_8608_cropped_cleaned_ocr.txt,wholewheatflour,
IMG_8608_cropped_cleaned_ocr.txt,ascorbicacid,
IMG_8610_cropped_cleaned_ocr.txt,mustardbran,
IMG_8610_cropped_cleaned_ocr.txt,mustardflour,
IMG_8610_cropped_cleaned_ocr.txt,potassiumsorbate,
IMG_8610_cropped_cleaned_ocr.txt,xanthangum,lanthanum
IMG_8610_cropped_cleaned_ocr.txt,acidityregulator,
IMG_8610_cropped_cleaned_ocr.txt,allergyadviceforallergens,
IMG_8610_cropped_cleaned_ocr.txt,ingredientswater,
IMG_8610_cropped_cleaned_ocr.txt,fructosesyrup,
IMG_8610_cropped_cleaned_ocr.txt,turmericpowder,
IMG_8610_cropped_cleaned_ocr.txt,powderflavouring,
IMG_8611_cropped_cleaned_ocr.txt,eriie,"ernie,erie"
IMG_8611_cropped_cleaned_ocr.txt,siaa,"sian,sika,sita,siva,sima,siam"
IMG_8611_cropped_cleaned_ocr.txt,aem,"aim,am,em,arm,dem,lem,gem,adm,sem,ahem,hem"
IMG_8611_cropped_cleaned_ocr.txt,anleraen,"andersen,allergen"
IMG_8614_cropped_cleaned_ocr.txt,agentsallaourcolounenixnts,
IMG_8614_cropped_cleaned_ocr.txt,potassiumtaiulpititmacotainraceofnupeauoy,
IMG_8614_cropped_cleaned_ocr.txt,gbaiiiarslapeudiscuitstorch,
IMG_8614_cropped_cleaned_ocr.txt,elourualcaciumcarbontrasing,
IMG_9077_cropped_cleaned_ocr.txt,andcapersaucewithchiil,
IMG_9077_cropped_cleaned_ocr.txt,oliveoil,
IMG_9077_cropped_cleaned_ocr.txt,blackolive,
IMG_9077_cropped_cleaned_ocr.txt,ingredienscornishsardines,
IMG_9078_cropped_cleaned_ocr.txt,beeffat,beermat
IMG_9078_cropped_cleaned_ocr.txt,maltodextrin,
IMG_9078_cropped_cleaned_ocr.txt,palmoil,parboil
IMG_9078_cropped_cleaned_ocr.txt,plaincaramel,
IMG_9078_cropped_cleaned_ocr.txt,skimmedmilk,
IMG_9078_cropped_cleaned_ocr.txt,driedcarrot,
IMG_9078_cropped_cleaned_ocr.txt,vegetableoils,
IMG_9079_cropped_cleaned_ocr.txt,cckeanoxanxc,
IMG_9079_cropped_cleaned_ocr.txt,chickenal,"chicken,chicken's,chickens,chickened"
IMG_9079_cropped_cleaned_ocr.txt,antioxicororre,
IMG_9079_cropped_cleaned_ocr.txt,chickenat,"chicken,chickened,chickens,chicken's,chimkent"
IMG_9079_cropped_cleaned_ocr.txt,iodisealest,
IMG_9079_cropped_cleaned_ocr.txt,tlaael,"taal,teasel,tavel,travel,tael,teazel,label,lapel"
IMG_9079_cropped_cleaned_ocr.txt,cickenowder,
IMG_9079_cropped_cleaned_ocr.txt,trmeroa,tamera
IMG_9079_cropped_cleaned_ocr.txt,inreiarcrou,
IMG_9079_cropped_cleaned_ocr.txt,exrctsoll,
IMG_9080_cropped_cleaned_ocr.txt,drid,"drin,grid,drip,rid,did,dried,arid,druid"
IMG_9081_cropped_cleaned_ocr.txt,nuglic,"nucleic,hugli,aulic,puglia,public,ugric,neglig,ugli"
IMG_9081_cropped_cleaned_ocr.txt,ureecoaer,
IMG_9081_cropped_cleaned_ocr.txt,lill,"lilo,bill,rill,lila,lilt,lille,loll,till,mill,fill,kill,hill,lilly,dill,lily,jill,pill,lull,gill,sill,will,ill"
IMG_9081_cropped_cleaned_ocr.txt,eluargrlic,
IMG_9082_cropped_cleaned_ocr.txt,maltodextrin,
IMG_9082_cropped_cleaned_ocr.txt,fiour,"flour,four"
IMG_9082_cropped_cleaned_ocr.txt,diglycerides,"triglycerides,glycerides"
IMG_9083_cropped_cleaned_ocr.txt,seasalt,"sealant,basalt,seawall,peasant,desalt"
IMG_9083_cropped_cleaned_ocr.txt,leafblack,
IMG_9083_cropped_cleaned_ocr.txt,rosemarythyme,
IMG_9084_cropped_cleaned_ocr.txt,flaouo,"flavour,flout,flour,flatus"
IMG_9084_cropped_cleaned_ocr.txt,cocenratetoatoast,
IMG_9084_cropped_cleaned_ocr.txt,ingreinoolt,
IMG_9084_cropped_cleaned_ocr.txt,ouble,"ruble,double"
IMG_9084_cropped_cleaned_ocr.txt,asedreparatio,
IMG_9084_cropped_cleaned_ocr.txt,matballseerehyratetroi,
IMG_9084_cropped_cleaned_ocr.txt,ookee,"cokes,donee,looked,oaken,mckee,soke,yokel,topee,hoke,joked,booker,osee,token,hooked,hokes,okie,poked,rookie,hooke,bookie,hoked,yoked,ogee,kookie,cookie,mokes,akee,poker,ocker,hooker,rooked,pokey,oozes,cooee,oke,bootee,toked,cooked,jokey,coked,woken,cooker,looker,poke,booked,oohed,yoke,cooke,woke,hokey,ooze,jokes,pokes,joke,toke,moke,coke,nookie,yokes,hookey,oozed,tokes,joker"
IMG_9084_cropped_cleaned_ocr.txt,concentratetomt,
IMG_9084_cropped_cleaned_ocr.txt,uloeo,"lobo,leo,loo,sloe,oleo,loco,aloes,logo,floe,ulcer,aloe,cleo,floes,loeb,sloes"
IMG_9084_cropped_cleaned_ocr.txt,whatsemolibngg,
IMG_9086_cropped_cleaned_ocr.txt,wildrice,"wildfire,wildlife"
IMG_9086_cropped_cleaned_ocr.txt,flavouring,"flavourings,flavoring"
IMG_9087_cropped_cleaned_ocr.txt,oriedskimmed,
IMG_9087_cropped_cleaned_ocr.txt,proteinsflavouringcolours,
IMG_9087_cropped_cleaned_ocr.txt,watersugarmodified,
IMG_9088_cropped_cleaned_ocr.txt,flavouring,"flavourings,flavoring"
IMG_9089_cropped_cleaned_ocr.txt,kie,"kiev,kiel,kin,lie,kief,ki,okie,tie,fie,kine,vie,kier,ike,kip,kike,kim,die,kif,gie,hie,kibe,kite,kit,pie,kid"
IMG_9089_cropped_cleaned_ocr.txt,olgarlicpowdermayontinhat,
IMG_9089_cropped_cleaned_ocr.txt,barleggor,
IMG_9089_cropped_cleaned_ocr.txt,hyrolyedcoro,
IMG_9089_cropped_cleaned_ocr.txt,toatoes,tomatoes
IMG_9089_cropped_cleaned_ocr.txt,powdersugariodisedsaltoastenion,
IMG_9089_cropped_cleaned_ocr.txt,creampowder,
IMG_9089_cropped_cleaned_ocr.txt,otassiumchloido,
IMG_9089_cropped_cleaned_ocr.txt,rc,"oc,rn,ra,rb,ry,roc,sc,tc,re,rx,rca,rf,ru,rd,r,arc,cr,ac,rh,rs,c,kc,dc"
IMG_9089_cropped_cleaned_ocr.txt,omatopureepowder,
IMG_9091_cropped_cleaned_ocr.txt,paprikaflaourngastextraclc,
IMG_9091_cropped_cleaned_ocr.txt,onionpowder,
IMG_9091_cropped_cleaned_ocr.txt,powdersugariodisedsalthatlouin,
IMG_9091_cropped_cleaned_ocr.txt,saltcayenne,
IMG_9093_cropped_cleaned_ocr.txt,caramelsrupmaltodextrnspicebayleaves,
IMG_9093_cropped_cleaned_ocr.txt,maycontain,
IMG_9093_cropped_cleaned_ocr.txt,ontainceler,
IMG_9093_cropped_cleaned_ocr.txt,palmfat,"palmate,palmar,palmist,palma"
IMG_9093_cropped_cleaned_ocr.txt,onionpowder,
IMG_9093_cropped_cleaned_ocr.txt,iodisedalomao,
IMG_9093_cropped_cleaned_ocr.txt,heatfloureastextractpotao,
IMG_9093_cropped_cleaned_ocr.txt,favourings,flavourings
IMG_9096_cropped_cleaned_ocr.txt,flavouring,"flavourings,flavoring"
IMG_9099_cropped_cleaned_ocr.txt,ammonuictlouurur,
IMG_9099_cropped_cleaned_ocr.txt,glcoltirurrudrieoikcremildriee,
IMG_9099_cropped_cleaned_ocr.txt,ingredienlccolucoaurieeikcas,
IMG_9099_cropped_cleaned_ocr.txt,drielkurlslsier,
IMG_9099_cropped_cleaned_ocr.txt,letinorcrlouhus,
IMG_9099_cropped_cleaned_ocr.txt,ammumiouiuar,
IMG_9099_cropped_cleaned_ocr.txt,mlkalsrolnouroant,
IMG_9141_cropped_cleaned_ocr.txt,invertsugarsyrup,
IMG_9141_cropped_cleaned_ocr.txt,darbonatemulsifirsoylecitinvaillxractntioxidnts,
IMG_9141_cropped_cleaned_ocr.txt,altniacinironvitmiribolavinthiaminolicacidvmn,
IMG_9141_cropped_cleaned_ocr.txt,invaryingproportions,
IMG_9141_cropped_cleaned_ocr.txt,glucosesyrup,
IMG_9141_cropped_cleaned_ocr.txt,ingredientlloggstoastedmaizecereal,
IMG_9141_cropped_cleaned_ocr.txt,forallergens,
IMG_9141_cropped_cleaned_ocr.txt,skimmedmlk,
IMG_9141_cropped_cleaned_ocr.txt,glycerolsorbitol,
IMG_9141_cropped_cleaned_ocr.txt,acol,"acyl,col,aol,awol"
IMG_9141_cropped_cleaned_ocr.txt,wheypowder,
IMG_9141_cropped_cleaned_ocr.txt,calcm,calm
IMG_9141_cropped_cleaned_ocr.txt,vegetableoils,
IMG_9141_cropped_cleaned_ocr.txt,skimmedmilk,
IMG_9141_cropped_cleaned_ocr.txt,vitamind,"vitamin,vitamins"
IMG_9141_cropped_cleaned_ocr.txt,palmitatealpha,
IMG_9141_cropped_cleaned_ocr.txt,seeingredients,
IMG_9141_cropped_cleaned_ocr.txt,vitaminb,"vitamin,vitamins"
IMG_9141_cropped_cleaned_ocr.txt,maizesugararleymlt,
IMG_9141_cropped_cleaned_ocr.txt,skimmedmilkpowder,
IMG_9141_cropped_cleaned_ocr.txt,oligofructose,
IMG_9147_cropped_cleaned_ocr.txt,herbbutter,
IMG_9147_cropped_cleaned_ocr.txt,garlicgarlicdried,
IMG_9147_cropped_cleaned_ocr.txt,blackpepper,
IMG_9148_cropped_cleaned_ocr.txt,rapeseedoil,
IMG_9148_cropped_cleaned_ocr.txt,flavouring,"flavourings,flavoring"
IMG_9151_cropped_cleaned_ocr.txt,mouldculure,
IMG_9155_cropped_cleaned_ocr.txt,sodm,"sods,sodom,som,soda,sod"
IMG_9155_cropped_cleaned_ocr.txt,smokeflavouring,
IMG_9163_cropped_cleaned_ocr.txt,sunlower,sunflower
IMG_9164_cropped_cleaned_ocr.txt,kcyclamates,cyclamate
IMG_9164_cropped_cleaned_ocr.txt,flaoing,"flaying,flawing,flaking,flaring,flaming"
