,metric,count,mean,std,min,25%,50%,75%,max
char_edit,char_edit,62.0,100.12903225806451,136.88435754326252,0.0,10.25,46.5,135.25,675.0
char_edit_norm,char_edit_norm,62.0,79.6774193548387,121.77334147862757,0.0,1.25,27.0,101.25,601.0
char_ratio,char_ratio,62.0,0.7788466342079423,0.2528035559068329,0.0,0.6251165704960074,0.8876440140257138,0.9650213599629942,1.0
char_ratio_norm,char_ratio_norm,62.0,0.8103202342195281,0.25090043301642484,0.0,0.676379106472675,0.9296709504307301,0.9940451143006226,1.0
cer,cer,62.0,0.2577835623613595,0.3012894261691611,0.0,0.008456051541647476,0.13635531135531137,0.5142862666254253,1.0
cac,cac,62.0,0.7422164376386405,0.3012894261691611,0.0,0.4857137333745747,0.8636446886446887,0.9915439484583525,1.0
word_edit,word_edit,62.0,20.70967741935484,23.264964933067464,0.0,2.0,14.5,31.0,107.0
word_ratio,word_ratio,62.0,0.53231933268805,0.3888977667290529,0.0,0.12898799313893652,0.6140350877192983,0.9318840579710144,1.0
wer,wer,62.0,0.5051620333918128,0.3950223181073827,0.0,0.08602484472049687,0.46770833333333334,0.917948038176034,1.0
wac,wac,62.0,0.49483796660818724,0.3950223181073827,0.0,0.082051961823966,0.5322916666666666,0.9139751552795032,1.0
summary statsmetric,count,mean,std,min,25%,50%,75%,max
char_edit,62.0,100.12903225806451,136.88435754326252,0.0,10.25,46.5,135.25,675.0
char_edit_norm,62.0,79.6774193548387,121.77334147862757,0.0,1.25,27.0,101.25,601.0
char_ratio,62.0,0.7788466342079423,0.2528035559068329,0.0,0.6251165704960074,0.8876440140257138,0.9650213599629942,1.0
char_ratio_norm,62.0,0.8103202342195281,0.25090043301642484,0.0,0.676379106472675,0.9296709504307301,0.9940451143006226,1.0
cer,62.0,0.2577835623613595,0.3012894261691611,0.0,0.008456051541647476,0.13635531135531137,0.5142862666254253,1.0
cac,62.0,0.7422164376386405,0.3012894261691611,0.0,0.4857137333745747,0.8636446886446887,0.9915439484583525,1.0
word_edit,62.0,20.70967741935484,23.264964933067464,0.0,2.0,14.5,31.0,107.0
word_ratio,62.0,0.53231933268805,0.3888977667290529,0.0,0.12898799313893652,0.6140350877192983,0.9318840579710144,1.0
wer,62.0,0.5051620333918128,0.3950223181073827,0.0,0.08602484472049687,0.46770833333333334,0.917948038176034,1.0
wac,62.0,0.49483796660818724,0.3950223181073827,0.0,0.082051961823966,0.5322916666666666,0.9139751552795032,1.0
